﻿<?xml version="1.0" encoding="utf-8" standalone="yes"?>
<addon id="plugin.script.logmailerEnhanced" name="Log Mailer Enhanced" version="0.1.4" provider-name="harryberlin/n3mesis">
  <requires>
    <import addon="xbmc.python" version="2.14.0" />
  </requires>
  <extension point="xbmc.service" library="service.py" start="startup" />
  <extension point="xbmc.python.script" library="default.py" />
  <extension point="xbmc.addon.metadata">
    <platform>all</platform>
    <summary lang="en">Addon for BMWRaspControl &amp; IBusCommunicator</summary>
    <description lang="en">Addon for BMWRaspControl HelgeInterface</description>
    <forum>http://www.bmwraspcontrol.de/board/</forum>
    <email>---</email>
    <source>inside</source>
  </extension>
</addon>